App0,"([[0, 2], [2, 2], [1, 6], [3, 7]], ['0.02046325'])"
App1,"([[0, 1], [2, 1], [3, 1], [4, 1], [1, 2], [7, 2], [5, 6], [6, 7]], ['0.02206732'])"
App2,"([[0, 6], [1, 6], [2, 7], [3, 20], [4, 20], [5, 1], [6, 2], [10, 2], [7, 4], [8, 5], [9, 8], [11, 48]], ['0.03679721'])"
App3,"([[0, 1], [1, 2], [2, 2], [3, 3], [9, 3], [4, 4], [5, 5], [6, 6], [7, 6], [8, 7], [10, 8], [11, 9], [12, 11], [13, 11], [14, 12], [15, 12]], ['0.03909028'])"
App4,"([[0, 1], [8, 1], [1, 2], [3, 2], [2, 3], [11, 3], [4, 4], [5, 5], [13, 5], [6, 6], [7, 6], [9, 7], [16, 7], [19, 7], [10, 8], [12, 9], [15, 9], [14, 11], [17, 12], [18, 12]], ['0.04043593'])"
App5,"([[0, 1], [1, 1], [3, 1], [2, 2], [5, 2], [4, 3], [7, 3], [8, 3], [6, 4], [9, 5], [18, 5], [10, 6], [15, 6], [11, 7], [12, 8], [19, 8], [13, 9], [14, 9], [16, 11], [21, 11], [17, 12], [23, 12], [20, 10], [22, 15]], ['0.03750642'])"
App6,"([[0, 1], [8, 1], [18, 1], [19, 1], [1, 2], [4, 2], [2, 6], [6, 6], [3, 7], [5, 9], [16, 9], [7, 20], [9, 12], [11, 12], [10, 4], [12, 48], [13, 41], [14, 50], [15, 53], [17, 22], [20, 3], [21, 64], [22, 65], [23, 25], [24, 73], [25, 5], [26, 27], [27, 21]], ['0.07994569'])"
App7,"([[0, 1], [2, 1], [25, 1], [1, 2], [3, 2], [16, 2], [4, 5], [5, 3], [17, 3], [6, 4], [7, 6], [21, 6], [8, 7], [9, 8], [19, 8], [10, 9], [12, 9], [11, 11], [23, 11], [29, 11], [13, 12], [26, 12], [14, 20], [15, 20], [18, 15], [30, 15], [20, 27], [22, 21], [24, 28], [27, 10], [28, 29], [31, 13]], ['0.10894038'])"
App8,"([[0, 5], [1, 6], [2, 6], [3, 7], [4, 1], [6, 1], [12, 1], [5, 2], [14, 2], [7, 9], [16, 9], [20, 9], [23, 9], [34, 9], [8, 12], [18, 12], [9, 20], [10, 20], [11, 41], [29, 41], [13, 48], [15, 50], [17, 53], [35, 53], [19, 8], [21, 64], [22, 3], [26, 3], [24, 4], [25, 22], [27, 65], [28, 11], [33, 11], [30, 25], [31, 21], [32, 66]], ['0.07955345'])"
App9,"([[0, 1], [7, 1], [1, 2], [2, 2], [3, 6], [4, 6], [5, 4], [6, 7], [8, 7], [10, 7], [9, 9], [13, 9], [18, 9], [27, 9], [34, 9], [11, 3], [14, 3], [12, 5], [15, 12], [16, 12], [39, 12], [17, 20], [24, 20], [19, 41], [31, 41], [20, 8], [21, 8], [32, 8], [22, 48], [23, 50], [25, 53], [26, 11], [33, 11], [35, 11], [28, 64], [29, 22], [30, 21], [36, 65], [37, 25], [38, 66]], ['0.11545166'])"
App10,"([[0, 6], [6, 6], [1, 1], [9, 1], [15, 1], [22, 1], [2, 7], [3, 2], [20, 2], [28, 2], [4, 20], [40, 20], [41, 20], [5, 4], [7, 3], [8, 5], [10, 48], [11, 41], [12, 50], [13, 8], [14, 9], [33, 9], [16, 53], [17, 13], [18, 11], [19, 11], [21, 12], [23, 12], [24, 14], [25, 64], [26, 22], [27, 15], [34, 15], [29, 65], [30, 10], [31, 16], [32, 18], [35, 24], [36, 66], [37, 73], [38, 25], [39, 28], [42, 86], [43, 27]], ['0.16241385'])"
App11,"([[0, 1], [3, 1], [1, 2], [6, 2], [13, 2], [2, 3], [26, 3], [4, 5], [5, 6], [14, 6], [7, 4], [8, 7], [16, 7], [9, 8], [10, 8], [11, 9], [12, 9], [21, 9], [15, 11], [18, 11], [17, 10], [19, 12], [20, 12], [22, 15], [23, 15], [33, 15], [24, 13], [25, 13], [40, 13], [27, 16], [28, 18], [41, 18], [29, 14], [43, 14], [30, 20], [31, 20], [35, 20], [32, 22], [47, 22], [34, 21], [36, 24], [37, 17], [38, 25], [39, 26], [42, 27], [44, 28], [45, 28], [46, 29]], ['0.18217889'])"
App12,"([[0, 2], [3, 2], [1, 6], [7, 6], [2, 7], [4, 20], [8, 20], [14, 20], [5, 1], [13, 1], [21, 1], [6, 9], [18, 9], [9, 48], [10, 12], [22, 12], [31, 12], [11, 3], [15, 3], [12, 4], [16, 5], [33, 5], [17, 22], [34, 22], [36, 22], [19, 8], [20, 25], [23, 11], [29, 11], [24, 10], [25, 41], [37, 41], [26, 13], [40, 13], [27, 27], [28, 21], [30, 31], [45, 31], [32, 15], [46, 15], [35, 50], [38, 18], [39, 28], [41, 16], [42, 33], [43, 53], [44, 40], [47, 64], [48, 54], [49, 55], [50, 65], [51, 66]], ['0.15524298'])"
App13,"([[0, 1], [1, 2], [4, 2], [2, 3], [3, 4], [5, 5], [6, 6], [8, 6], [34, 6], [7, 7], [15, 7], [9, 8], [10, 8], [36, 8], [11, 9], [44, 9], [12, 11], [16, 11], [13, 10], [14, 12], [17, 12], [52, 12], [18, 13], [19, 13], [20, 13], [21, 15], [23, 15], [22, 18], [24, 14], [25, 14], [26, 16], [39, 16], [27, 20], [28, 20], [29, 21], [30, 27], [31, 22], [32, 24], [33, 28], [35, 25], [37, 29], [43, 29], [38, 31], [40, 41], [41, 43], [42, 33], [45, 37], [46, 40], [47, 45], [48, 48], [49, 50], [50, 26], [51, 51], [53, 51], [54, 34], [55, 52]], ['0.27441103'])"
App14,"([[0, 1], [17, 1], [20, 1], [1, 2], [6, 2], [24, 2], [2, 5], [3, 6], [7, 6], [4, 7], [30, 7], [44, 7], [5, 8], [46, 8], [8, 20], [43, 20], [9, 41], [49, 41], [10, 9], [12, 9], [11, 3], [14, 3], [13, 48], [15, 12], [22, 12], [16, 50], [18, 4], [19, 11], [31, 11], [21, 43], [23, 51], [55, 51], [25, 22], [26, 25], [27, 53], [28, 21], [29, 10], [32, 27], [33, 31], [34, 40], [35, 15], [36, 15], [37, 13], [38, 54], [39, 14], [40, 55], [41, 18], [42, 64], [45, 29], [52, 29], [47, 65], [48, 28], [50, 16], [51, 24], [53, 33], [54, 37], [58, 37], [56, 34], [57, 66], [59, 57]], ['0.17718264'])"
App15,"([[0, 1], [1, 1], [7, 1], [2, 2], [4, 2], [9, 2], [3, 4], [5, 3], [6, 3], [8, 5], [10, 5], [11, 6], [12, 6], [13, 6], [14, 6], [15, 7], [21, 7], [16, 8], [17, 8], [22, 8], [18, 9], [20, 9], [19, 11], [27, 11], [23, 12], [24, 12], [25, 13], [26, 15], [28, 15], [31, 15], [29, 10], [30, 18], [32, 20], [33, 20], [34, 14], [36, 14], [39, 14], [35, 27], [37, 28], [38, 29], [40, 29], [41, 41], [54, 41], [42, 43], [43, 22], [60, 22], [44, 17], [45, 21], [46, 24], [47, 25], [48, 45], [49, 48], [50, 16], [59, 16], [51, 31], [52, 33], [53, 40], [55, 34], [56, 50], [57, 51], [61, 51], [58, 37], [62, 52], [63, 53]], ['0.16345742'])"
App16,"([[0, 1], [8, 1], [22, 1], [24, 1], [1, 2], [5, 2], [2, 5], [3, 3], [35, 3], [4, 4], [6, 6], [14, 6], [7, 7], [43, 7], [53, 7], [9, 8], [13, 8], [10, 9], [36, 9], [11, 11], [15, 11], [12, 12], [25, 12], [16, 20], [20, 20], [17, 15], [54, 15], [18, 27], [19, 28], [21, 21], [23, 29], [59, 29], [26, 13], [41, 13], [64, 13], [27, 41], [48, 41], [28, 43], [29, 22], [51, 22], [30, 24], [31, 25], [32, 31], [33, 48], [34, 40], [37, 34], [38, 36], [39, 50], [40, 16], [42, 45], [44, 10], [45, 51], [52, 51], [46, 17], [47, 53], [57, 53], [49, 57], [50, 54], [55, 52], [56, 61], [61, 61], [58, 18], [60, 55], [62, 59], [63, 60], [65, 64], [66, 14], [67, 26]], ['0.29771527'])"
App17,"([[0, 2], [3, 2], [12, 2], [1, 1], [16, 1], [33, 1], [2, 3], [19, 3], [4, 4], [5, 5], [10, 5], [6, 6], [7, 6], [8, 7], [20, 7], [9, 8], [13, 8], [37, 8], [11, 9], [21, 9], [14, 12], [25, 12], [15, 20], [38, 20], [17, 11], [30, 11], [41, 11], [18, 27], [22, 21], [23, 41], [45, 41], [24, 22], [48, 22], [56, 22], [26, 10], [27, 25], [62, 25], [28, 13], [32, 13], [29, 48], [31, 17], [34, 14], [64, 14], [35, 31], [69, 31], [36, 29], [40, 29], [39, 15], [46, 15], [54, 15], [42, 24], [43, 40], [44, 16], [47, 50], [49, 18], [60, 18], [50, 53], [65, 53], [51, 64], [52, 54], [53, 65], [55, 55], [57, 68], [58, 66], [59, 73], [61, 72], [63, 28], [66, 26], [67, 33], [68, 76], [70, 59], [71, 78]], ['0.23414408'])"
App18,"([[0, 1], [1, 2], [2, 2], [3, 3], [7, 3], [4, 4], [5, 5], [6, 6], [9, 6], [8, 7], [10, 9], [14, 9], [20, 9], [22, 9], [28, 9], [11, 12], [17, 12], [12, 20], [13, 20], [15, 22], [37, 22], [42, 22], [16, 21], [18, 8], [25, 8], [19, 25], [21, 41], [46, 41], [23, 11], [24, 27], [48, 27], [26, 10], [27, 31], [53, 31], [29, 29], [34, 29], [65, 29], [30, 40], [66, 40], [31, 48], [32, 50], [33, 13], [35, 15], [44, 15], [36, 53], [38, 17], [39, 16], [40, 54], [41, 24], [56, 24], [43, 18], [45, 28], [47, 33], [49, 34], [50, 37], [57, 37], [51, 55], [52, 14], [54, 36], [55, 43], [58, 64], [59, 65], [60, 66], [61, 26], [62, 59], [63, 68], [64, 72], [67, 45], [68, 32], [69, 51], [74, 51], [75, 51], [70, 73], [71, 76], [72, 78], [73, 52]], ['0.19077638'])"
App19,"([[0, 1], [3, 1], [8, 1], [1, 2], [2, 2], [10, 2], [4, 3], [13, 3], [5, 6], [14, 6], [6, 4], [7, 5], [37, 5], [9, 7], [44, 7], [47, 7], [50, 7], [11, 9], [55, 9], [12, 8], [21, 8], [59, 8], [15, 11], [28, 11], [16, 12], [29, 12], [60, 12], [17, 13], [39, 13], [18, 20], [20, 20], [19, 27], [22, 41], [54, 41], [23, 21], [24, 22], [76, 22], [25, 25], [26, 15], [27, 16], [30, 29], [41, 29], [31, 24], [32, 18], [33, 31], [34, 40], [35, 48], [36, 50], [38, 28], [40, 34], [42, 43], [43, 53], [67, 53], [45, 54], [46, 36], [48, 55], [49, 59], [71, 59], [51, 14], [52, 64], [53, 26], [56, 33], [57, 45], [58, 10], [61, 65], [62, 37], [63, 66], [64, 51], [70, 51], [65, 57], [73, 57], [66, 61], [68, 67], [69, 68], [72, 17], [74, 70], [75, 72], [77, 32], [78, 52], [79, 60]], ['0.16786706'])"
