App0,"([(0, 76), (1, 76), (2, 87), (3, 6)], ['0.00048593'])"
App1,"([(0, 61), (1, 48), (2, 48), (3, 48), (4, 61), (5, 97), (6, 97), (7, 53)], ['0.00056216'])"
App2,"([(0, 91), (1, 91), (2, 50), (3, 20), (4, 20), (5, 33), (6, 48), (7, 61), (8, 97), (9, 53), (10, 68), (11, 6)], ['0.00092699'])"
App3,"([(0, 22), (1, 33), (2, 20), (3, 98), (4, 98), (5, 52), (6, 3), (7, 3), (8, 53), (9, 24), (10, 66), (11, 66), (12, 65), (13, 5), (14, 72), (15, 72)], ['0.00103646'])"
App4,"([(0, 91), (1, 50), (2, 20), (3, 20), (4, 98), (5, 3), (6, 52), (7, 2), (8, 2), (9, 66), (10, 66), (11, 66), (12, 65), (13, 65), (14, 5), (15, 5), (16, 45), (17, 13), (18, 13), (19, 13)], ['0.00116616'])"
App5,"([(0, 94), (1, 94), (2, 94), (3, 12), (4, 12), (5, 9), (6, 9), (7, 1), (8, 36), (9, 29), (10, 29), (11, 28), (12, 77), (13, 74), (14, 70), (15, 70), (16, 54), (17, 14), (18, 33), (19, 33), (20, 20), (21, 20), (22, 34), (23, 18)], ['0.00138467'])"
App6,"([(0, 10), (1, 7), (2, 64), (3, 3), (4, 53), (5, 97), (6, 43), (7, 43), (8, 20), (9, 33), (10, 48), (11, 50), (12, 91), (13, 66), (14, 65), (15, 6), (16, 87), (17, 76), (18, 74), (19, 70), (20, 22), (21, 22), (22, 14), (23, 33), (24, 27), (25, 45), (26, 5), (27, 72)], ['0.00176692'])"
App7,"([(0, 37), (1, 37), (2, 11), (3, 6), (4, 6), (5, 87), (6, 87), (7, 76), (8, 76), (9, 74), (10, 70), (11, 22), (12, 22), (13, 15), (14, 1), (15, 1), (16, 36), (17, 12), (18, 12), (19, 9), (20, 40), (21, 55), (22, 5), (23, 65), (24, 66), (25, 66), (26, 66), (27, 24), (28, 53), (29, 53), (30, 68), (31, 99)], ['0.00169557'])"
App8,"([(0, 5), (1, 65), (2, 66), (3, 2), (4, 2), (5, 79), (6, 20), (7, 48), (8, 50), (9, 33), (10, 22), (11, 70), (12, 70), (13, 54), (14, 14), (15, 85), (16, 98), (17, 98), (18, 20), (19, 20), (20, 73), (21, 31), (22, 53), (23, 97), (24, 68), (25, 6), (26, 87), (27, 51), (28, 41), (29, 12), (30, 12), (31, 94), (32, 12), (33, 9), (34, 9), (35, 9)], ['0.00188280'])"
App9,"([(0, 9), (1, 9), (2, 12), (3, 12), (4, 12), (5, 12), (6, 36), (7, 36), (8, 1), (9, 1), (10, 1), (11, 20), (12, 34), (13, 18), (14, 25), (15, 22), (16, 70), (17, 70), (18, 54), (19, 67), (20, 71), (21, 3), (22, 53), (23, 97), (24, 43), (25, 43), (26, 26), (27, 48), (28, 33), (29, 14), (30, 50), (31, 33), (32, 91), (33, 27), (34, 90), (35, 7), (36, 64), (37, 86), (38, 86), (39, 56)], ['0.00212609'])"
App10,"([(0, 97), (1, 53), (2, 68), (3, 99), (4, 13), (5, 13), (6, 4), (7, 60), (8, 20), (9, 34), (10, 18), (11, 18), (12, 48), (13, 33), (14, 22), (15, 22), (16, 22), (17, 70), (18, 74), (19, 6), (20, 87), (21, 76), (22, 2), (23, 79), (24, 2), (25, 66), (26, 24), (27, 29), (28, 28), (29, 91), (30, 50), (31, 73), (32, 7), (33, 64), (34, 86), (35, 56), (36, 78), (37, 78), (38, 12), (39, 9), (40, 41), (41, 21), (42, 65), (43, 5)], ['0.00252672'])"
App11,"([(0, 87), (1, 87), (2, 6), (3, 6), (4, 11), (5, 11), (6, 11), (7, 35), (8, 16), (9, 79), (10, 2), (11, 2), (12, 32), (13, 29), (14, 29), (15, 28), (16, 28), (17, 77), (18, 77), (19, 74), (20, 70), (21, 5), (22, 45), (23, 45), (24, 13), (25, 13), (26, 4), (27, 60), (28, 57), (29, 88), (30, 34), (31, 18), (32, 18), (33, 25), (34, 25), (35, 46), (36, 22), (37, 22), (38, 15), (39, 1), (40, 36), (41, 12), (42, 9), (43, 9), (44, 9), (45, 12), (46, 94), (47, 94)], ['0.00238777'])"
App12,"([(0, 64), (1, 64), (2, 7), (3, 53), (4, 97), (5, 43), (6, 26), (7, 26), (8, 20), (9, 20), (10, 34), (11, 48), (12, 33), (13, 22), (14, 50), (15, 91), (16, 66), (17, 65), (18, 5), (19, 45), (20, 45), (21, 13), (22, 6), (23, 11), (24, 6), (25, 41), (26, 21), (27, 94), (28, 94), (29, 12), (30, 9), (31, 9), (32, 40), (33, 55), (34, 15), (35, 77), (36, 28), (37, 67), (38, 71), (39, 71), (40, 54), (41, 70), (42, 74), (43, 76), (44, 76), (45, 76), (46, 73), (47, 31), (48, 75), (49, 51), (50, 51), (51, 87)], ['0.00277210'])"
App13,"([(0, 45), (1, 5), (2, 65), (3, 66), (4, 66), (5, 24), (6, 53), (7, 53), (8, 32), (9, 32), (10, 6), (11, 11), (12, 11), (13, 37), (14, 2), (15, 2), (16, 79), (17, 3), (18, 52), (19, 98), (20, 98), (21, 20), (22, 20), (23, 33), (24, 14), (25, 54), (26, 22), (27, 15), (28, 1), (29, 9), (30, 12), (31, 12), (32, 94), (33, 94), (34, 21), (35, 41), (36, 51), (37, 51), (38, 8), (39, 36), (40, 29), (41, 28), (42, 77), (43, 74), (44, 70), (45, 70), (46, 22), (47, 27), (48, 90), (49, 7), (50, 64), (51, 86), (52, 86), (53, 56), (54, 56), (55, 38)], ['0.00278073'])"
App14,"([(0, 16), (1, 35), (2, 11), (3, 11), (4, 6), (5, 87), (6, 87), (7, 51), (8, 8), (9, 41), (10, 7), (11, 64), (12, 64), (13, 3), (14, 52), (15, 98), (16, 20), (17, 20), (18, 22), (19, 48), (20, 33), (21, 50), (22, 91), (23, 91), (24, 82), (25, 82), (26, 24), (27, 53), (28, 97), (29, 68), (30, 2), (31, 66), (32, 65), (33, 5), (34, 45), (35, 73), (36, 31), (37, 80), (38, 75), (39, 72), (40, 72), (41, 72), (42, 86), (43, 43), (44, 27), (45, 33), (46, 14), (47, 54), (48, 70), (49, 74), (50, 77), (51, 28), (52, 83), (53, 67), (54, 15), (55, 1), (56, 1), (57, 36), (58, 12), (59, 12)], ['0.00326936'])"
App15,"([(0, 94), (1, 94), (2, 12), (3, 12), (4, 9), (5, 9), (6, 1), (7, 36), (8, 29), (9, 28), (10, 77), (11, 28), (12, 83), (13, 67), (14, 16), (15, 2), (16, 52), (17, 3), (18, 53), (19, 53), (20, 24), (21, 66), (22, 66), (23, 66), (24, 66), (25, 65), (26, 5), (27, 45), (28, 5), (29, 72), (30, 20), (31, 34), (32, 34), (33, 18), (34, 18), (35, 25), (36, 22), (37, 22), (38, 15), (39, 15), (40, 15), (41, 40), (42, 40), (43, 81), (44, 35), (45, 11), (46, 6), (47, 6), (48, 6), (49, 87), (50, 87), (51, 76), (52, 76), (53, 74), (54, 70), (55, 88), (56, 57), (57, 78), (58, 78), (59, 56), (60, 86), (61, 86), (62, 64), (63, 7)], ['0.00298336'])"
App16,"([(0, 40), (1, 55), (2, 5), (3, 65), (4, 66), (5, 66), (6, 24), (7, 53), (8, 53), (9, 68), (10, 80), (11, 31), (12, 31), (13, 73), (14, 49), (15, 53), (16, 97), (17, 97), (18, 43), (19, 61), (20, 48), (21, 20), (22, 33), (23, 20), (24, 34), (25, 18), (26, 18), (27, 18), (28, 25), (29, 22), (30, 15), (31, 15), (32, 1), (33, 1), (34, 36), (35, 12), (36, 12), (37, 9), (38, 94), (39, 41), (40, 41), (41, 51), (42, 8), (43, 92), (44, 38), (45, 7), (46, 64), (47, 64), (48, 86), (49, 3), (50, 98), (51, 52), (52, 52), (53, 2), (54, 2), (55, 16), (56, 11), (57, 6), (58, 87), (59, 76), (60, 76), (61, 74), (62, 77), (63, 28), (64, 29), (65, 60), (66, 4), (67, 57)], ['0.00329921'])"
App17,"([(0, 91), (1, 50), (2, 20), (3, 34), (4, 34), (5, 25), (6, 73), (7, 31), (8, 53), (9, 24), (10, 65), (11, 5), (12, 5), (13, 72), (14, 59), (15, 15), (16, 9), (17, 12), (18, 40), (19, 55), (20, 22), (21, 70), (22, 54), (23, 54), (24, 14), (25, 33), (26, 14), (27, 27), (28, 45), (29, 68), (30, 97), (31, 43), (32, 43), (33, 43), (34, 26), (35, 48), (36, 90), (37, 90), (38, 7), (39, 38), (40, 38), (41, 51), (42, 51), (43, 41), (44, 41), (45, 21), (46, 94), (47, 94), (48, 36), (49, 1), (50, 4), (51, 13), (52, 99), (53, 28), (54, 29), (55, 6), (56, 11), (57, 87), (58, 87), (59, 76), (60, 17), (61, 76), (62, 2), (63, 2), (64, 66), (65, 32), (66, 29), (67, 67), (68, 64), (69, 64), (70, 86), (71, 86)], ['0.00378341'])"
App18,"([(0, 5), (1, 5), (2, 65), (3, 66), (4, 66), (5, 2), (6, 79), (7, 16), (8, 6), (9, 11), (10, 81), (11, 84), (12, 7), (13, 7), (14, 64), (15, 53), (16, 53), (17, 24), (18, 24), (19, 66), (20, 75), (21, 72), (22, 20), (23, 33), (24, 14), (25, 54), (26, 76), (27, 87), (28, 51), (29, 51), (30, 41), (31, 41), (32, 21), (33, 94), (34, 12), (35, 9), (36, 12), (37, 9), (38, 1), (39, 36), (40, 78), (41, 4), (42, 27), (43, 48), (44, 61), (45, 97), (46, 97), (47, 68), (48, 73), (49, 31), (50, 80), (51, 72), (52, 59), (53, 69), (54, 15), (55, 58), (56, 29), (57, 67), (58, 86), (59, 86), (60, 56), (61, 56), (62, 56), (63, 90), (64, 90), (65, 45), (66, 45), (67, 50), (68, 91), (69, 98), (70, 98), (71, 52), (72, 3), (73, 3), (74, 71), (75, 70)], ['0.00366000'])"
App19,"([(0, 5), (1, 5), (2, 65), (3, 66), (4, 24), (5, 53), (6, 68), (7, 68), (8, 80), (9, 31), (10, 73), (11, 20), (12, 20), (13, 98), (14, 20), (15, 33), (16, 22), (17, 70), (18, 74), (19, 76), (20, 87), (21, 87), (22, 6), (23, 11), (24, 11), (25, 6), (26, 32), (27, 29), (28, 36), (29, 1), (30, 9), (31, 9), (32, 12), (33, 12), (34, 94), (35, 41), (36, 21), (37, 94), (38, 51), (39, 8), (40, 8), (41, 92), (42, 75), (43, 72), (44, 72), (45, 59), (46, 69), (47, 77), (48, 28), (49, 29), (50, 83), (51, 67), (52, 67), (53, 15), (54, 15), (55, 16), (56, 2), (57, 27), (58, 90), (59, 7), (60, 7), (61, 64), (62, 86), (63, 78), (64, 40), (65, 55), (66, 54), (67, 71), (68, 3), (69, 97), (70, 43), (71, 33), (72, 48), (73, 61), (74, 50), (75, 91), (76, 91), (77, 82), (78, 24), (79, 53)], ['0.00400548'])"
