App0,"([[1, 31], [0, 31], [3, 6], [2, 73]], ['0.01053405'])"
App1,"([[7, 31], [5, 31], [4, 6], [0, 6], [2, 6], [3, 73], [1, 73], [6, 71]], ['0.02284431'])"
App2,"([[2, 31], [1, 31], [9, 6], [5, 6], [10, 73], [4, 73], [3, 71], [11, 20], [8, 65], [7, 91], [0, 86], [6, 64]], ['0.04883718'])"
App3,"([[5, 31], [11, 31], [6, 6], [8, 6], [1, 73], [3, 73], [10, 71], [12, 71], [15, 3], [0, 3], [9, 20], [14, 20], [7, 65], [2, 91], [13, 86], [4, 64]], ['0.03793311'])"
App4,"([[16, 31], [0, 31], [8, 31], [19, 6], [4, 6], [7, 6], [6, 73], [15, 73], [12, 71], [5, 3], [1, 3], [17, 20], [9, 20], [10, 65], [2, 54], [13, 67], [18, 91], [14, 86], [11, 64], [3, 7]], ['0.08836699'])"
App5,"([[0, 31], [8, 31], [19, 31], [18, 6], [2, 6], [15, 6], [11, 73], [10, 73], [17, 71], [6, 3], [3, 3], [14, 20], [21, 20], [12, 65], [22, 54], [20, 67], [13, 59], [9, 91], [5, 55], [16, 86], [4, 75], [7, 64], [23, 7], [1, 40]], ['0.11985016'])"
App6,"([[22, 31], [21, 31], [7, 31], [13, 6], [0, 6], [3, 73], [19, 73], [9, 71], [18, 3], [23, 3], [16, 20], [25, 20], [12, 65], [4, 54], [27, 67], [20, 59], [1, 91], [6, 55], [11, 86], [26, 75], [17, 34], [2, 64], [14, 7], [24, 40], [15, 53], [8, 48], [5, 50], [10, 97]], ['0.16259003'])"
App7,"([[29, 31], [16, 31], [7, 31], [15, 31], [17, 31], [9, 6], [14, 6], [6, 73], [2, 73], [0, 71], [1, 71], [23, 3], [11, 3], [28, 20], [31, 20], [12, 65], [21, 54], [4, 67], [3, 59], [13, 91], [8, 55], [27, 86], [25, 75], [20, 34], [5, 64], [30, 7], [10, 40], [26, 2], [18, 2], [19, 53], [24, 9], [22, 9]], ['0.19477725'])"
App8,"([[9, 31], [12, 31], [30, 31], [7, 6], [15, 6], [26, 73], [18, 73], [33, 73], [35, 71], [13, 3], [4, 3], [19, 82], [17, 82], [29, 20], [10, 20], [1, 65], [24, 54], [16, 67], [21, 59], [20, 91], [2, 55], [22, 86], [34, 86], [0, 75], [5, 75], [11, 34], [8, 64], [23, 7], [3, 40], [32, 2], [14, 2], [6, 53], [28, 48], [27, 50], [25, 97], [31, 41]], ['0.17391992'])"
App9,"([[31, 31], [21, 31], [5, 31], [37, 6], [20, 6], [36, 73], [7, 73], [17, 73], [16, 71], [9, 71], [8, 3], [24, 3], [29, 82], [28, 20], [18, 20], [32, 65], [2, 47], [33, 54], [19, 67], [14, 59], [10, 59], [38, 59], [30, 91], [13, 55], [27, 86], [39, 86], [4, 75], [26, 75], [15, 34], [22, 64], [34, 7], [6, 7], [3, 40], [12, 2], [1, 2], [35, 53], [0, 9], [25, 9], [11, 48], [23, 50]], ['0.36456013'])"
App10,"([[27, 31], [26, 31], [37, 31], [21, 6], [24, 6], [11, 6], [14, 73], [43, 73], [15, 73], [17, 71], [41, 3], [4, 3], [16, 3], [38, 20], [39, 20], [8, 65], [20, 54], [2, 67], [9, 59], [18, 91], [36, 55], [19, 86], [6, 75], [7, 34], [40, 64], [28, 7], [22, 40], [1, 2], [0, 53], [23, 9], [3, 9], [5, 27], [35, 68], [31, 48], [33, 87], [13, 50], [12, 97], [10, 41], [30, 66]], ['0.37356806'])"
App11,"([[9, 31], [32, 31], [38, 6], [17, 6], [23, 6], [0, 73], [22, 73], [13, 71], [14, 3], [35, 3], [16, 3], [34, 82], [6, 82], [28, 20], [11, 20], [25, 65], [18, 54], [26, 67], [30, 59], [20, 91], [10, 55], [33, 86], [19, 86], [44, 75], [24, 34], [45, 34], [3, 64], [4, 64], [8, 7], [2, 40], [12, 40], [15, 2], [40, 2], [36, 53], [7, 53], [46, 9], [43, 9], [1, 27], [37, 68], [5, 70], [47, 48], [41, 50], [21, 97], [29, 41]], ['0.44238877'])"
App12,"([[27, 31], [19, 31], [50, 31], [23, 6], [31, 6], [6, 6], [9, 73], [10, 73], [7, 73], [28, 71], [44, 71], [20, 3], [45, 3], [43, 82], [32, 20], [33, 20], [25, 65], [39, 47], [37, 54], [30, 67], [12, 59], [38, 59], [36, 59], [16, 91], [0, 91], [17, 55], [46, 86], [21, 86], [8, 75], [41, 34], [4, 64], [2, 7], [40, 40], [51, 2], [24, 2], [22, 53], [47, 9], [42, 27], [48, 68], [13, 70], [26, 81], [5, 48], [29, 87], [34, 50], [35, 97], [18, 12], [49, 41]], ['0.41156292'])"
App13,"([[25, 31], [44, 31], [26, 6], [45, 6], [6, 73], [48, 73], [23, 71], [11, 3], [33, 3], [9, 82], [46, 82], [5, 20], [42, 20], [31, 65], [38, 54], [18, 67], [35, 59], [37, 91], [39, 55], [0, 86], [8, 86], [54, 75], [22, 75], [4, 34], [2, 64], [7, 64], [30, 7], [53, 7], [15, 40], [52, 40], [13, 2], [50, 2], [19, 53], [55, 53], [27, 9], [36, 9], [20, 27], [34, 68], [16, 68], [40, 70], [49, 81], [29, 48], [3, 87], [24, 87], [10, 50], [1, 97], [21, 12], [47, 41], [32, 25], [12, 66]], ['0.51351023'])"
App14,"([[30, 31], [40, 31], [21, 6], [22, 6], [50, 73], [26, 73], [11, 71], [24, 71], [46, 3], [23, 3], [25, 82], [41, 82], [7, 20], [3, 20], [0, 65], [57, 47], [37, 54], [31, 67], [38, 59], [35, 91], [13, 55], [48, 86], [56, 86], [15, 75], [39, 34], [51, 64], [6, 64], [8, 7], [33, 40], [5, 2], [1, 2], [12, 53], [2, 53], [29, 9], [55, 9], [53, 27], [47, 68], [45, 68], [58, 70], [34, 81], [17, 81], [4, 48], [36, 87], [14, 87], [52, 50], [20, 17], [49, 97], [59, 12], [27, 12], [19, 41], [44, 25], [18, 90], [28, 66], [43, 61], [54, 5]], ['0.86577201'])"
App15,"([[31, 31], [37, 31], [44, 31], [51, 6], [9, 6], [49, 73], [45, 73], [41, 71], [26, 3], [0, 3], [23, 82], [33, 82], [21, 20], [3, 20], [32, 20], [39, 20], [17, 65], [40, 47], [36, 54], [63, 67], [42, 67], [47, 59], [61, 59], [6, 91], [24, 91], [20, 55], [35, 86], [11, 86], [1, 75], [19, 75], [34, 34], [4, 34], [16, 64], [58, 64], [13, 7], [46, 7], [29, 40], [7, 2], [62, 2], [53, 53], [5, 9], [28, 9], [14, 27], [12, 68], [22, 68], [48, 70], [60, 81], [52, 81], [38, 48], [25, 87], [54, 87], [43, 50], [59, 97], [18, 12], [15, 41], [50, 25], [55, 66], [56, 61]], ['0.27345300'])"
App16,"([[4, 31], [40, 31], [15, 31], [22, 6], [29, 6], [65, 73], [1, 73], [17, 71], [32, 3], [25, 3], [54, 82], [60, 82], [8, 20], [43, 20], [39, 65], [44, 47], [61, 54], [35, 67], [49, 59], [52, 59], [23, 91], [33, 91], [31, 55], [7, 55], [10, 86], [36, 86], [63, 75], [12, 75], [46, 34], [26, 34], [3, 64], [19, 7], [11, 40], [51, 40], [53, 2], [34, 2], [28, 53], [37, 53], [24, 9], [21, 9], [47, 27], [5, 68], [27, 68], [0, 70], [16, 81], [13, 48], [38, 87], [45, 87], [58, 50], [48, 97], [59, 12], [14, 12], [67, 36], [20, 41], [9, 25], [30, 90], [2, 78], [62, 76], [42, 22], [55, 98], [41, 72], [50, 66], [56, 1]], ['1.06541085'])"
App17,"([[69, 31], [34, 31], [23, 31], [67, 6], [11, 6], [35, 73], [3, 73], [9, 71], [52, 71], [1, 3], [58, 3], [61, 82], [2, 20], [46, 20], [40, 20], [16, 65], [39, 47], [18, 54], [20, 67], [60, 59], [19, 59], [55, 91], [44, 91], [7, 55], [71, 55], [49, 86], [45, 86], [62, 75], [37, 75], [32, 75], [12, 34], [42, 34], [6, 64], [24, 64], [66, 7], [4, 7], [33, 7], [28, 40], [70, 2], [63, 2], [48, 53], [41, 53], [29, 9], [47, 9], [0, 27], [15, 68], [54, 70], [31, 81], [30, 48], [64, 87], [26, 87], [5, 50], [21, 17], [65, 96], [25, 97], [22, 97], [53, 12], [57, 41], [50, 25], [36, 90], [17, 78], [38, 76], [14, 22], [27, 98], [56, 72], [51, 66]], ['0.49228382'])"
App18,"([[14, 31], [66, 31], [63, 6], [0, 6], [45, 73], [70, 73], [4, 73], [49, 71], [1, 71], [53, 3], [46, 3], [55, 82], [36, 20], [7, 20], [59, 20], [47, 65], [64, 47], [44, 54], [73, 54], [52, 67], [65, 59], [18, 59], [60, 59], [12, 91], [37, 91], [62, 55], [29, 55], [42, 86], [31, 86], [24, 75], [13, 75], [25, 34], [41, 64], [3, 64], [9, 7], [50, 40], [11, 2], [72, 2], [75, 53], [51, 53], [19, 9], [68, 9], [35, 27], [5, 68], [32, 70], [38, 81], [58, 48], [22, 87], [16, 87], [33, 50], [39, 17], [34, 97], [57, 12], [61, 12], [6, 36], [15, 41], [74, 25], [28, 90], [67, 78], [71, 76], [20, 22], [69, 98], [21, 72], [23, 72], [56, 66], [54, 1], [17, 61], [10, 80]], ['1.41920900'])"
App19,"([[12, 31], [28, 31], [77, 31], [69, 6], [4, 6], [37, 73], [40, 73], [54, 73], [45, 71], [5, 3], [15, 3], [78, 82], [55, 20], [51, 20], [22, 65], [25, 47], [10, 54], [57, 67], [32, 59], [7, 59], [71, 91], [44, 91], [29, 55], [26, 55], [23, 86], [33, 86], [1, 75], [0, 75], [60, 75], [46, 34], [52, 34], [48, 64], [61, 7], [75, 40], [14, 2], [72, 2], [18, 53], [41, 9], [21, 9], [31, 27], [19, 68], [65, 70], [68, 81], [39, 48], [62, 87], [27, 87], [30, 50], [70, 17], [76, 96], [16, 97], [34, 97], [35, 12], [49, 12], [17, 36], [9, 41], [6, 25], [64, 90], [66, 78], [36, 78], [73, 76], [24, 76], [59, 22], [47, 98], [38, 98], [67, 72], [74, 72], [8, 66], [43, 1], [53, 61], [79, 80], [11, 21], [50, 5], [20, 4]], ['0.51917481'])"
