App0,"([(0, 20), (1, 91), (2, 20), (3, 91)], '0.26088381', 0.01357889175415039, 'Optimal')"
App1,"([(0, 87), (1, 20), (2, 6), (3, 6), (4, 6), (5, 6), (6, 20), (7, 87)], '0.62431955', 0.08144497871398926, 'Optimal')"
App2,"([(0, 65), (1, 61), (2, 20), (3, 20), (4, 87), (5, 6), (6, 7), (7, 61), (8, 56), (9, 6), (10, 87), (11, 66)], '0.50035119', 0.05292105674743652, 'Optimal')"
App3,"([(0, 6), (1, 20), (2, 65), (3, 61), (4, 91), (5, 12), (6, 12), (7, 61), (8, 20), (9, 66), (10, 87), (11, 91), (12, 87), (13, 6), (14, 66), (15, 87)], '1.76914430', 0.9464089870452881, 'Optimal')"
App4,"([(0, 73), (1, 6), (2, 66), (3, 41), (4, 86), (5, 86), (6, 87), (7, 64), (8, 18), (9, 20), (10, 6), (11, 73), (12, 12), (13, 20), (14, 64), (15, 41), (16, 12), (17, 66), (18, 18), (19, 87)], '4.59318328', 3.9896819591522217, 'Optimal')"
App5,"([(0, 91), (1, 20), (2, 86), (3, 6), (4, 72), (5, 12), (6, 2), (7, 6), (8, 66), (9, 65), (10, 9), (11, 86), (12, 66), (13, 87), (14, 20), (15, 13), (16, 13), (17, 2), (18, 87), (19, 2), (20, 72), (21, 12), (22, 9), (23, 91)], '4.31263971', 3.195966958999634, 'Optimal')"
App6,"([(0, 6), (1, 6), (2, 65), (3, 2), (4, 87), (5, 91), (6, 98), (7, 90), (8, 7), (9, 2), (10, 48), (11, 73), (12, 76), (13, 50), (14, 66), (15, 86), (16, 12), (17, 9), (18, 9), (19, 76), (20, 90), (21, 86), (22, 12), (23, 73), (24, 20), (25, 98), (26, 87), (27, 20)], '1.80574918', 0.6026229858398438, 'Optimal')"
App7,"([(0, 53), (1, 11), (2, 56), (3, 66), (4, 11), (5, 12), (6, 73), (7, 73), (8, 20), (9, 8), (10, 98), (11, 11), (12, 66), (13, 6), (14, 2), (15, 11), (16, 8), (17, 86), (18, 87), (19, 7), (20, 12), (21, 86), (22, 2), (23, 6), (24, 56), (25, 87), (26, 56), (27, 91), (28, 20), (29, 91), (30, 98), (31, 53)], '4.16003108', 2.826935052871704, 'Optimal')"
App8,"([(0, 2), (1, 6), (2, 53), (3, 9), (4, 86), (5, 73), (6, 64), (7, 91), (8, 41), (9, 87), (10, 20), (11, 6), (12, 91), (13, 53), (14, 12), (15, 9), (16, 76), (17, 56), (18, 64), (19, 56), (20, 97), (21, 87), (22, 50), (23, 8), (24, 2), (25, 73), (26, 20), (27, 56), (28, 7), (29, 12), (30, 13), (31, 13), (32, 76), (33, 8), (34, 41), (35, 86)], '2.38066959', 0.662031888961792, 'Optimal')"
App9,"([(0, 12), (1, 78), (2, 72), (3, 72), (4, 2), (5, 9), (6, 41), (7, 2), (8, 72), (9, 72), (10, 91), (11, 6), (12, 66), (13, 87), (14, 20), (15, 12), (16, 2), (17, 64), (18, 78), (19, 76), (20, 6), (21, 87), (22, 64), (23, 50), (24, 53), (25, 76), (26, 73), (27, 48), (28, 66), (29, 86), (30, 41), (31, 66), (32, 91), (33, 53), (34, 20), (35, 73), (36, 9), (37, 86), (38, 9), (39, 2)], '5.90330839', 4.1998610496521, 'Optimal')"
App10,"([(0, 6), (1, 59), (2, 20), (3, 6), (4, 86), (5, 9), (6, 87), (7, 78), (8, 41), (9, 98), (10, 13), (11, 59), (12, 64), (13, 57), (14, 11), (15, 61), (16, 59), (17, 11), (18, 61), (19, 97), (20, 2), (21, 12), (22, 66), (23, 66), (24, 2), (25, 91), (26, 73), (27, 72), (28, 87), (29, 48), (30, 7), (31, 65), (32, 86), (33, 20), (34, 73), (35, 98), (36, 72), (37, 64), (38, 78), (39, 12), (40, 50), (41, 9), (42, 53), (43, 91)], '2.79987979', 0.7285261154174805, 'Optimal')"
App11,"([(0, 56), (1, 98), (2, 6), (3, 12), (4, 72), (5, 87), (6, 1), (7, 56), (8, 73), (9, 20), (10, 66), (11, 87), (12, 61), (13, 1), (14, 9), (15, 51), (16, 91), (17, 86), (18, 72), (19, 41), (20, 7), (21, 86), (22, 12), (23, 64), (24, 2), (25, 11), (26, 98), (27, 50), (28, 2), (29, 61), (30, 66), (31, 6), (32, 1), (33, 64), (34, 1), (35, 51), (36, 51), (37, 20), (38, 9), (39, 48), (40, 11), (41, 65), (42, 91), (43, 53), (44, 53), (45, 73), (46, 72), (47, 41)], '16.09436798', 13.853310108184814, 'Optimal')"
App12,"([(0, 75), (1, 86), (2, 2), (3, 91), (4, 6), (5, 61), (6, 45), (7, 91), (8, 53), (9, 53), (10, 66), (11, 50), (12, 72), (13, 9), (14, 48), (15, 65), (16, 64), (17, 20), (18, 66), (19, 56), (20, 2), (21, 73), (22, 41), (23, 9), (24, 76), (25, 73), (26, 72), (27, 97), (28, 78), (29, 98), (30, 12), (31, 6), (32, 97), (33, 75), (34, 45), (35, 56), (36, 68), (37, 78), (38, 64), (39, 86), (40, 87), (41, 12), (42, 87), (43, 41), (44, 56), (45, 98), (46, 7), (47, 68), (48, 76), (49, 33), (50, 75), (51, 20)], '4.90549183', 2.875697135925293, 'Optimal')"
App13,"([(0, 41), (1, 8), (2, 12), (3, 78), (4, 2), (5, 53), (6, 2), (7, 51), (8, 86), (9, 18), (10, 48), (11, 72), (12, 91), (13, 66), (14, 86), (15, 97), (16, 88), (17, 50), (18, 64), (19, 87), (20, 66), (21, 97), (22, 73), (23, 98), (24, 56), (25, 56), (26, 20), (27, 72), (28, 7), (29, 51), (30, 76), (31, 18), (32, 11), (33, 66), (34, 11), (35, 20), (36, 88), (37, 33), (38, 98), (39, 53), (40, 87), (41, 65), (42, 9), (43, 6), (44, 8), (45, 64), (46, 91), (47, 61), (48, 9), (49, 76), (50, 6), (51, 73), (52, 61), (53, 41), (54, 12), (55, 78)], '8.04730844', 5.646764039993286, 'Optimal')"
App14,"([(0, 12), (1, 76), (2, 51), (3, 61), (4, 15), (5, 97), (6, 73), (7, 45), (8, 74), (9, 86), (10, 41), (11, 6), (12, 56), (13, 12), (14, 87), (15, 87), (16, 48), (17, 86), (18, 9), (19, 65), (20, 97), (21, 43), (22, 53), (23, 11), (24, 45), (25, 11), (26, 15), (27, 72), (28, 6), (29, 76), (30, 78), (31, 20), (32, 91), (33, 11), (34, 2), (35, 73), (36, 20), (37, 56), (38, 51), (39, 66), (40, 66), (41, 18), (42, 7), (43, 77), (44, 2), (45, 41), (46, 78), (47, 53), (48, 64), (49, 5), (50, 61), (51, 72), (52, 57), (53, 66), (54, 18), (55, 9), (56, 64), (57, 91), (58, 98), (59, 98)], '5.89959693', 2.995522975921631, 'Optimal')"
App15,"([(0, 78), (1, 98), (2, 64), (3, 3), (4, 75), (5, 72), (6, 86), (7, 76), (8, 97), (9, 2), (10, 50), (11, 11), (12, 51), (13, 76), (14, 12), (15, 56), (16, 22), (17, 65), (18, 59), (19, 73), (20, 78), (21, 8), (22, 51), (23, 22), (24, 59), (25, 87), (26, 11), (27, 41), (28, 3), (29, 20), (30, 48), (31, 2), (32, 59), (33, 22), (34, 72), (35, 87), (36, 75), (37, 56), (38, 7), (39, 56), (40, 64), (41, 9), (42, 8), (43, 91), (44, 91), (45, 6), (46, 75), (47, 8), (48, 9), (49, 12), (50, 98), (51, 61), (52, 86), (53, 53), (54, 11), (55, 73), (56, 74), (57, 66), (58, 41), (59, 6), (60, 2), (61, 61), (62, 20), (63, 51)], '11.33968592', 8.561119079589844, 'Optimal')"
App16,"([(0, 98), (1, 12), (2, 72), (3, 65), (4, 18), (5, 66), (6, 75), (7, 86), (8, 98), (9, 87), (10, 29), (11, 53), (12, 59), (13, 91), (14, 29), (15, 22), (16, 9), (17, 64), (18, 7), (19, 50), (20, 78), (21, 73), (22, 51), (23, 97), (24, 72), (25, 40), (26, 41), (27, 78), (28, 6), (29, 76), (30, 1), (31, 97), (32, 6), (33, 75), (34, 64), (35, 31), (36, 18), (37, 87), (38, 66), (39, 86), (40, 61), (41, 20), (42, 73), (43, 76), (44, 22), (45, 11), (46, 51), (47, 9), (48, 41), (49, 2), (50, 27), (51, 68), (52, 1), (53, 48), (54, 59), (55, 11), (56, 5), (57, 12), (58, 67), (59, 40), (60, 31), (61, 59), (62, 61), (63, 22), (64, 68), (65, 2), (66, 20), (67, 53)], '10.61420941', 7.6567699909210205, 'Optimal')"
App17,"([(0, 12), (1, 98), (2, 78), (3, 73), (4, 59), (5, 9), (6, 50), (7, 8), (8, 91), (9, 9), (10, 27), (11, 29), (12, 64), (13, 53), (14, 66), (15, 72), (16, 22), (17, 2), (18, 20), (19, 29), (20, 75), (21, 2), (22, 51), (23, 90), (24, 91), (25, 56), (26, 51), (27, 48), (28, 11), (29, 59), (30, 68), (31, 94), (32, 31), (33, 75), (34, 11), (35, 64), (36, 20), (37, 22), (38, 97), (39, 75), (40, 68), (41, 72), (42, 78), (43, 76), (44, 59), (45, 6), (46, 66), (47, 29), (48, 66), (49, 73), (50, 98), (51, 8), (52, 97), (53, 94), (54, 51), (55, 86), (56, 12), (57, 41), (58, 76), (59, 6), (60, 53), (61, 41), (62, 90), (63, 11), (64, 67), (65, 87), (66, 56), (67, 31), (68, 87), (69, 22), (70, 7), (71, 86)], '12.53353786', 9.272433042526245, 'Optimal')"
App18,"([(0, 13), (1, 86), (2, 86), (3, 75), (4, 59), (5, 68), (6, 29), (7, 11), (8, 76), (9, 8), (10, 12), (11, 66), (12, 78), (13, 76), (14, 56), (15, 98), (16, 8), (17, 15), (18, 75), (19, 9), (20, 20), (21, 12), (22, 11), (23, 98), (24, 1), (25, 56), (26, 41), (27, 27), (28, 53), (29, 41), (30, 2), (31, 91), (32, 53), (33, 72), (34, 13), (35, 67), (36, 72), (37, 40), (38, 3), (39, 3), (40, 48), (41, 59), (42, 7), (43, 91), (44, 9), (45, 20), (46, 1), (47, 73), (48, 97), (49, 87), (50, 22), (51, 6), (52, 55), (53, 2), (54, 51), (55, 73), (56, 87), (57, 75), (58, 64), (59, 68), (60, 22), (61, 15), (62, 78), (63, 40), (64, 64), (65, 66), (66, 22), (67, 50), (68, 94), (69, 65), (70, 59), (71, 94), (72, 51), (73, 97), (74, 6), (75, 29)], '14.22364640', 10.603401899337769, 'Optimal')"
App19,"([(0, 29), (1, 2), (2, 65), (3, 91), (4, 29), (5, 53), (6, 59), (7, 48), (8, 31), (9, 98), (10, 9), (11, 12), (12, 22), (13, 27), (14, 51), (15, 75), (16, 72), (17, 86), (18, 51), (19, 43), (20, 15), (21, 64), (22, 94), (23, 78), (24, 15), (25, 91), (26, 52), (27, 8), (28, 6), (29, 52), (30, 22), (31, 56), (32, 6), (33, 59), (34, 86), (35, 87), (36, 97), (37, 98), (38, 56), (39, 8), (40, 2), (41, 66), (42, 64), (43, 76), (44, 22), (45, 11), (46, 78), (47, 29), (48, 41), (49, 53), (50, 11), (51, 7), (52, 41), (53, 74), (54, 75), (55, 12), (56, 1), (57, 20), (58, 75), (59, 7), (60, 31), (61, 97), (62, 61), (63, 48), (64, 20), (65, 2), (66, 67), (67, 68), (68, 73), (69, 50), (70, 68), (71, 66), (72, 9), (73, 73), (74, 72), (75, 76), (76, 94), (77, 59), (78, 52), (79, 87)], '12.51524925', 9.444096088409424, 'Optimal')"
