App0,"([(0, 68), (1, 68), (2, 53), (3, 97)], '12.71138930', 1.5734949111938477, 'Optimal')"
App1,"([(0, 87), (1, 87), (2, 76), (3, 76), (4, 76), (5, 39), (6, 20), (7, 20)], '77.70200753', 51.81912899017334, 'Optimal')"
App2,"([(0, 6), (1, 6), (2, 87), (3, 87), (4, 76), (5, 76), (6, 73), (7, 20), (8, 33), (9, 48), (10, 61), (11, 97)], '101.51202416', 60.05104088783264, 'Infeasible')"
App3,"([(0, 98), (1, 98), (2, 20), (3, 33), (4, 48), (5, 61), (6, 97), (7, 43), (8, 97), (9, 53), (10, 53), (11, 32), (12, 6), (13, 6), (14, 11), (15, 11)], '116.22836518', 60.14557218551636, 'Infeasible')"
App4,"([(0, 87), (1, 87), (2, 87), (3, 6), (4, 6), (5, 32), (6, 53), (7, 53), (8, 24), (9, 24), (10, 66), (11, 65), (12, 5), (13, 72), (14, 20), (15, 39), (16, 76), (17, 76), (18, 74), (19, 70)], '132.47018385', 60.385504961013794, 'Infeasible')"
App5,"([(0, 75), (1, 75), (2, 93), (3, 66), (4, 66), (5, 24), (6, 53), (7, 97), (8, 61), (9, 48), (10, 33), (11, 50), (12, 33), (13, 20), (14, 20), (15, 39), (16, 73), (17, 31), (18, 80), (19, 75), (20, 72), (21, 72), (22, 5), (23, 65)], '146.83353877', 60.09537696838379, 'Infeasible')"
App6,"([(0, 24), (1, 66), (2, 65), (3, 5), (4, 72), (5, 73), (6, 31), (7, 39), (8, 20), (9, 33), (10, 50), (11, 48), (12, 90), (13, 7), (14, 64), (15, 86), (16, 78), (17, 60), (18, 36), (19, 32), (20, 53), (21, 62), (22, 3), (23, 3), (24, 98), (25, 52), (26, 79), (27, 2)], '159.47648573', 60.12296414375305, 'Infeasible')"
App7,"([(0, 64), (1, 62), (2, 71), (3, 54), (4, 70), (5, 22), (6, 91), (7, 91), (8, 50), (9, 45), (10, 13), (11, 13), (12, 68), (13, 97), (14, 53), (15, 3), (16, 3), (17, 3), (18, 20), (19, 48), (20, 33), (21, 20), (22, 12), (23, 1), (24, 1), (25, 75), (26, 92), (27, 41), (28, 87), (29, 6), (30, 6), (31, 53)], '174.13171458', 60.1186580657959, 'Infeasible')"
App8,"([(0, 6), (1, 6), (2, 87), (3, 76), (4, 92), (5, 38), (6, 86), (7, 64), (8, 7), (9, 84), (10, 90), (11, 27), (12, 27), (13, 45), (14, 72), (15, 72), (16, 75), (17, 75), (18, 80), (19, 24), (20, 65), (21, 66), (22, 53), (23, 73), (24, 20), (25, 50), (26, 48), (27, 61), (28, 97), (29, 68), (30, 45), (31, 5), (32, 96), (33, 73), (34, 76), (35, 70)], '194.77883720', 60.2711968421936, 'Infeasible')"
App9,"([(0, 54), (1, 71), (2, 3), (3, 52), (4, 3), (5, 62), (6, 68), (7, 99), (8, 1), (9, 1), (10, 20), (11, 50), (12, 48), (13, 33), (14, 22), (15, 76), (16, 76), (17, 39), (18, 73), (19, 31), (20, 32), (21, 6), (22, 53), (23, 97), (24, 80), (25, 49), (26, 96), (27, 65), (28, 24), (29, 82), (30, 91), (31, 27), (32, 7), (33, 90), (34, 75), (35, 66), (36, 72), (37, 20), (38, 1), (39, 58)], '209.03781056', 60.3347008228302, 'Infeasible')"
App10,"([(0, 86), (1, 80), (2, 31), (3, 96), (4, 3), (5, 52), (6, 3), (7, 6), (8, 6), (9, 87), (10, 56), (11, 38), (12, 7), (13, 45), (14, 13), (15, 13), (16, 13), (17, 4), (18, 33), (19, 50), (20, 91), (21, 54), (22, 77), (23, 74), (24, 70), (25, 48), (26, 27), (27, 27), (28, 5), (29, 65), (30, 53), (31, 73), (32, 97), (33, 68), (34, 20), (35, 98), (36, 22), (37, 70), (38, 76), (39, 2), (40, 66), (41, 24), (42, 64), (43, 64)], '223.61025095', 60.139142990112305, 'Infeasible')"
App11,"([(0, 2), (1, 37), (2, 11), (3, 87), (4, 7), (5, 7), (6, 13), (7, 13), (8, 50), (9, 27), (10, 51), (11, 8), (12, 12), (13, 12), (14, 96), (15, 49), (16, 3), (17, 3), (18, 36), (19, 29), (20, 97), (21, 48), (22, 52), (23, 52), (24, 3), (25, 73), (26, 31), (27, 64), (28, 25), (29, 18), (30, 76), (31, 6), (32, 6), (33, 86), (34, 56), (35, 84), (36, 35), (37, 9), (38, 40), (39, 65), (40, 72), (41, 20), (42, 53), (43, 71), (44, 67), (45, 29), (46, 29), (47, 66)], '228.85464334', 60.161717891693115, 'Infeasible')"
App12,"([(0, 86), (1, 86), (2, 78), (3, 7), (4, 65), (5, 73), (6, 39), (7, 33), (8, 27), (9, 96), (10, 5), (11, 64), (12, 68), (13, 43), (14, 50), (15, 91), (16, 53), (17, 72), (18, 77), (19, 28), (20, 28), (21, 36), (22, 20), (23, 87), (24, 6), (25, 6), (26, 2), (27, 2), (28, 97), (29, 97), (30, 61), (31, 22), (32, 59), (33, 75), (34, 45), (35, 13), (36, 4), (37, 12), (38, 9), (39, 9), (40, 9), (41, 81), (42, 16), (43, 3), (44, 3), (45, 24), (46, 66), (47, 76), (48, 54), (49, 83), (50, 28), (51, 67)], '253.26670170', 60.378252029418945, 'Infeasible')"
App13,"([(0, 65), (1, 5), (2, 59), (3, 72), (4, 25), (5, 34), (6, 98), (7, 3), (8, 63), (9, 63), (10, 53), (11, 80), (12, 73), (13, 31), (14, 64), (15, 3), (16, 98), (17, 20), (18, 61), (19, 97), (20, 43), (21, 66), (22, 32), (23, 2), (24, 2), (25, 74), (26, 76), (27, 27), (28, 50), (29, 13), (30, 4), (31, 56), (32, 84), (33, 11), (34, 11), (35, 54), (36, 14), (37, 33), (38, 87), (39, 6), (40, 6), (41, 86), (42, 90), (43, 7), (44, 62), (45, 68), (46, 68), (47, 83), (48, 28), (49, 70), (50, 22), (51, 48), (52, 45), (53, 45), (54, 79), (55, 52)], '262.68777418', 60.31794190406799, 'Infeasible')"
App14,"([(0, 12), (1, 36), (2, 60), (3, 4), (4, 57), (5, 9), (6, 9), (7, 7), (8, 64), (9, 53), (10, 86), (11, 29), (12, 28), (13, 67), (14, 71), (15, 22), (16, 48), (17, 61), (18, 97), (19, 43), (20, 97), (21, 61), (22, 32), (23, 12), (24, 21), (25, 21), (26, 21), (27, 94), (28, 51), (29, 41), (30, 40), (31, 55), (32, 50), (33, 33), (34, 34), (35, 73), (36, 31), (37, 68), (38, 24), (39, 80), (40, 20), (41, 20), (42, 20), (43, 66), (44, 65), (45, 27), (46, 14), (47, 54), (48, 70), (49, 74), (50, 5), (51, 45), (52, 13), (53, 11), (54, 6), (55, 2), (56, 2), (57, 2), (58, 72), (59, 72)], '271.27803659', 60.167325019836426, 'Infeasible')"
App15,"([(0, 61), (1, 61), (2, 91), (3, 22), (4, 22), (5, 27), (6, 7), (7, 38), (8, 20), (9, 6), (10, 6), (11, 53), (12, 80), (13, 68), (14, 4), (15, 13), (16, 53), (17, 48), (18, 54), (19, 71), (20, 67), (21, 11), (22, 37), (23, 37), (24, 35), (25, 84), (26, 72), (27, 73), (28, 5), (29, 90), (30, 64), (31, 24), (32, 24), (33, 2), (34, 79), (35, 98), (36, 76), (37, 41), (38, 41), (39, 1), (40, 1), (41, 36), (42, 80), (43, 97), (44, 68), (45, 99), (46, 1), (47, 1), (48, 75), (49, 72), (50, 59), (51, 74), (52, 76), (53, 66), (54, 96), (55, 86), (56, 56), (57, 50), (58, 5), (59, 65), (60, 45), (61, 2), (62, 2), (63, 32)], '295.99440932', 60.15602898597717, 'Infeasible')"
App16,"([(0, 29), (1, 29), (2, 91), (3, 50), (4, 33), (5, 43), (6, 68), (7, 2), (8, 2), (9, 67), (10, 71), (11, 81), (12, 11), (13, 87), (14, 55), (15, 55), (16, 5), (17, 72), (18, 66), (19, 65), (20, 6), (21, 6), (22, 16), (23, 40), (24, 1), (25, 1), (26, 1), (27, 60), (28, 4), (29, 13), (30, 98), (31, 98), (32, 76), (33, 11), (34, 11), (35, 75), (36, 8), (37, 8), (38, 51), (39, 27), (40, 33), (41, 48), (42, 61), (43, 22), (44, 15), (45, 15), (46, 36), (47, 31), (48, 73), (49, 3), (50, 86), (51, 38), (52, 58), (53, 12), (54, 9), (55, 9), (56, 94), (57, 41), (58, 90), (59, 78), (60, 78), (61, 53), (62, 97), (63, 7), (64, 64), (65, 20), (66, 20), (67, 34)], '321.23751092', 60.225131034851074, 'Infeasible')"
App17,"([(0, 81), (1, 84), (2, 7), (3, 77), (4, 77), (5, 59), (6, 20), (7, 96), (8, 65), (9, 5), (10, 64), (11, 38), (12, 10), (13, 78), (14, 4), (15, 57), (16, 40), (17, 12), (18, 31), (19, 73), (20, 73), (21, 36), (22, 1), (23, 16), (24, 16), (25, 13), (26, 13), (27, 72), (28, 17), (29, 54), (30, 48), (31, 22), (32, 22), (33, 90), (34, 90), (35, 27), (36, 9), (37, 9), (38, 76), (39, 75), (40, 75), (41, 75), (42, 86), (43, 86), (44, 80), (45, 80), (46, 51), (47, 51), (48, 8), (49, 21), (50, 41), (51, 45), (52, 79), (53, 2), (54, 32), (55, 68), (56, 53), (57, 97), (58, 26), (59, 91), (60, 50), (61, 20), (62, 98), (63, 3), (64, 67), (65, 71), (66, 24), (67, 66), (68, 87), (69, 87), (70, 6), (71, 6)], '320.73420429', 60.19135117530823, 'Infeasible')"
App18,"([(0, 84), (1, 84), (2, 73), (3, 73), (4, 6), (5, 6), (6, 92), (7, 80), (8, 97), (9, 43), (10, 11), (11, 37), (12, 66), (13, 66), (14, 5), (15, 54), (16, 70), (17, 74), (18, 28), (19, 67), (20, 7), (21, 51), (22, 87), (23, 20), (24, 33), (25, 12), (26, 12), (27, 78), (28, 29), (29, 29), (30, 2), (31, 27), (32, 27), (33, 45), (34, 72), (35, 75), (36, 72), (37, 39), (38, 36), (39, 60), (40, 86), (41, 90), (42, 50), (43, 91), (44, 24), (45, 65), (46, 32), (47, 76), (48, 53), (49, 61), (50, 48), (51, 34), (52, 20), (53, 22), (54, 15), (55, 1), (56, 8), (57, 41), (58, 9), (59, 2), (60, 2), (61, 77), (62, 69), (63, 59), (64, 59), (65, 16), (66, 16), (67, 68), (68, 71), (69, 64), (70, 64), (71, 52), (72, 98), (73, 3), (74, 3), (75, 85)], '343.12610984', 60.292750120162964, 'Infeasible')"
App19,"([(0, 99), (1, 98), (2, 97), (3, 91), (4, 98), (5, 94), (6, 90), (7, 97), (8, 87), (9, 86), (10, 85), (11, 81), (12, 99), (13, 78), (14, 92), (15, 98), (16, 80), (17, 76), (18, 83), (19, 77), (20, 75), (21, 96), (22, 74), (23, 73), (24, 88), (25, 94), (26, 93), (27, 87), (28, 72), (29, 84), (30, 68), (31, 79), (32, 71), (33, 92), (34, 70), (35, 67), (36, 76), (37, 69), (38, 66), (39, 65), (40, 91), (41, 66), (42, 64), (43, 61), (44, 90), (45, 63), (46, 64), (47, 60), (48, 57), (49, 59), (50, 53), (51, 86), (52, 84), (53, 51), (54, 88), (55, 56), (56, 50), (57, 55), (58, 54), (59, 48), (60, 82), (61, 41), (62, 27), (63, 40), (64, 31), (65, 43), (66, 25), (67, 36), (68, 34), (69, 20), (70, 52), (71, 45), (72, 29), (73, 32), (74, 37), (75, 72), (76, 28), (77, 82), (78, 80), (79, 22)], '350.05391788', 60.17782211303711, 'Infeasible')"
