App0,"([(0, 68), (1, 68), (2, 53), (3, 97)], '13.89254928', 1.73557710647583, 'Optimal')"
App1,"([(0, 87), (1, 87), (2, 76), (3, 76), (4, 76), (5, 39), (6, 20), (7, 20)], '81.05728912', 54.802000999450684, 'Optimal')"
App2,"([(0, 6), (1, 6), (2, 87), (3, 87), (4, 76), (5, 76), (6, 73), (7, 20), (8, 33), (9, 48), (10, 61), (11, 97)], '267.25699520', 224.73094987869263, 'Optimal')"
App3,"([(0, 98), (1, 98), (2, 20), (3, 33), (4, 48), (5, 61), (6, 97), (7, 43), (8, 97), (9, 53), (10, 53), (11, 32), (12, 6), (13, 6), (14, 11), (15, 11)], '1856.24479437', 1800.3742299079895, 'Infeasible')"
App4,"([(0, 87), (1, 87), (2, 87), (3, 6), (4, 6), (5, 32), (6, 53), (7, 53), (8, 24), (9, 24), (10, 66), (11, 65), (12, 5), (13, 72), (14, 20), (15, 39), (16, 76), (17, 76), (18, 74), (19, 70)], '1872.76352644', 1800.3839809894562, 'Infeasible')"
App5,"([(0, 75), (1, 75), (2, 93), (3, 66), (4, 66), (5, 24), (6, 53), (7, 97), (8, 61), (9, 48), (10, 33), (11, 50), (12, 33), (13, 20), (14, 20), (15, 39), (16, 73), (17, 31), (18, 80), (19, 75), (20, 72), (21, 72), (22, 5), (23, 65)], '1887.66412473', 1800.1591069698334, 'Infeasible')"
App6,"([(0, 61), (1, 97), (2, 53), (3, 80), (4, 31), (5, 73), (6, 76), (7, 39), (8, 20), (9, 33), (10, 48), (11, 50), (12, 27), (13, 7), (14, 64), (15, 86), (16, 54), (17, 70), (18, 74), (19, 76), (20, 87), (21, 87), (22, 92), (23, 92), (24, 75), (25, 72), (26, 72), (27, 59)], '1900.59189844', 1800.3015758991241, 'Infeasible')"
App7,"([(0, 2), (1, 2), (2, 79), (3, 79), (4, 52), (5, 98), (6, 20), (7, 39), (8, 76), (9, 74), (10, 70), (11, 22), (12, 33), (13, 48), (14, 61), (15, 61), (16, 61), (17, 97), (18, 97), (19, 53), (20, 49), (21, 73), (22, 31), (23, 80), (24, 75), (25, 72), (26, 5), (27, 65), (28, 66), (29, 76), (30, 87), (31, 6)], '1913.26919317', 1800.1352970600128, 'Infeasible')"
App8,"([(0, 6), (1, 6), (2, 87), (3, 76), (4, 74), (5, 84), (6, 7), (7, 64), (8, 86), (9, 56), (10, 90), (11, 27), (12, 27), (13, 45), (14, 72), (15, 72), (16, 75), (17, 80), (18, 80), (19, 24), (20, 65), (21, 66), (22, 53), (23, 97), (24, 31), (25, 73), (26, 22), (27, 48), (28, 50), (29, 91), (30, 91), (31, 33), (32, 20), (33, 20), (34, 20), (35, 34)], '1935.02995420', 1800.1843910217285, 'Infeasible')"
App9,"([(0, 98), (1, 52), (2, 52), (3, 52), (4, 3), (5, 62), (6, 68), (7, 99), (8, 1), (9, 1), (10, 20), (11, 50), (12, 48), (13, 33), (14, 22), (15, 76), (16, 76), (17, 39), (18, 73), (19, 72), (20, 75), (21, 80), (22, 97), (23, 53), (24, 66), (25, 66), (26, 66), (27, 65), (28, 24), (29, 82), (30, 91), (31, 20), (32, 20), (33, 27), (34, 90), (35, 7), (36, 64), (37, 86), (38, 56), (39, 56)], '1943.91788578', 1800.2538940906525, 'Infeasible')"
App10,"([(0, 65), (1, 72), (2, 59), (3, 5), (4, 75), (5, 31), (6, 80), (7, 24), (8, 66), (9, 75), (10, 51), (11, 51), (12, 41), (13, 94), (14, 12), (15, 36), (16, 60), (17, 78), (18, 56), (19, 86), (20, 67), (21, 71), (22, 52), (23, 98), (24, 98), (25, 48), (26, 27), (27, 27), (28, 90), (29, 7), (30, 64), (31, 53), (32, 97), (33, 68), (34, 6), (35, 87), (36, 76), (37, 76), (38, 20), (39, 20), (40, 50), (41, 33), (42, 91), (43, 91)], '1959.80457377', 1800.221251964569, 'Infeasible')"
App11,"([(0, 77), (1, 74), (2, 70), (3, 54), (4, 17), (5, 76), (6, 76), (7, 87), (8, 6), (9, 87), (10, 8), (11, 29), (12, 36), (13, 60), (14, 78), (15, 78), (16, 56), (17, 56), (18, 86), (19, 86), (20, 64), (21, 7), (22, 38), (23, 90), (24, 90), (25, 27), (26, 22), (27, 50), (28, 91), (29, 33), (30, 61), (31, 48), (32, 20), (33, 20), (34, 20), (35, 72), (36, 72), (37, 59), (38, 5), (39, 65), (40, 49), (41, 73), (42, 53), (43, 80), (44, 75), (45, 92), (46, 51), (47, 41)], '1972.61219382', 1800.5262529850006, 'Infeasible')"
App12,"([(0, 33), (1, 48), (2, 98), (3, 20), (4, 65), (5, 66), (6, 66), (7, 75), (8, 75), (9, 92), (10, 6), (11, 6), (12, 87), (13, 87), (14, 73), (15, 86), (16, 64), (17, 67), (18, 16), (19, 79), (20, 2), (21, 32), (22, 53), (23, 68), (24, 68), (25, 97), (26, 43), (27, 26), (28, 33), (29, 22), (30, 77), (31, 74), (32, 76), (33, 72), (34, 5), (35, 13), (36, 60), (37, 12), (38, 9), (39, 9), (40, 9), (41, 1), (42, 28), (43, 36), (44, 94), (45, 41), (46, 7), (47, 90), (48, 27), (49, 50), (50, 91), (51, 91)], '1998.54857635', 1800.2334260940552, 'Infeasible')"
App13,"([(0, 66), (1, 65), (2, 72), (3, 59), (4, 5), (5, 70), (6, 22), (7, 33), (8, 33), (9, 33), (10, 91), (11, 43), (12, 97), (13, 61), (14, 20), (15, 14), (16, 26), (17, 50), (18, 36), (19, 12), (20, 21), (21, 41), (22, 51), (23, 51), (24, 92), (25, 80), (26, 75), (27, 56), (28, 86), (29, 53), (30, 49), (31, 73), (32, 31), (33, 31), (34, 84), (35, 90), (36, 38), (37, 74), (38, 76), (39, 87), (40, 87), (41, 6), (42, 64), (43, 7), (44, 68), (45, 79), (46, 79), (47, 45), (48, 96), (49, 71), (50, 54), (51, 48), (52, 98), (53, 98), (54, 52), (55, 52)], '2007.27929783', 1800.445720911026, 'Infeasible')"
App14,"([(0, 12), (1, 36), (2, 60), (3, 4), (4, 57), (5, 78), (6, 38), (7, 7), (8, 64), (9, 86), (10, 53), (11, 29), (12, 28), (13, 67), (14, 71), (15, 22), (16, 48), (17, 61), (18, 97), (19, 43), (20, 97), (21, 61), (22, 32), (23, 12), (24, 21), (25, 21), (26, 21), (27, 41), (28, 51), (29, 75), (30, 72), (31, 50), (32, 91), (33, 33), (34, 34), (35, 73), (36, 31), (37, 68), (38, 79), (39, 98), (40, 20), (41, 20), (42, 20), (43, 66), (44, 65), (45, 27), (46, 14), (47, 54), (48, 70), (49, 74), (50, 5), (51, 45), (52, 13), (53, 11), (54, 6), (55, 2), (56, 2), (57, 2), (58, 87), (59, 87)], '2015.75261378', 1801.2978630065918, 'Infeasible')"
App15,"([(0, 45), (1, 45), (2, 50), (3, 22), (4, 22), (5, 27), (6, 91), (7, 33), (8, 20), (9, 6), (10, 6), (11, 53), (12, 80), (13, 68), (14, 4), (15, 13), (16, 53), (17, 48), (18, 54), (19, 71), (20, 67), (21, 11), (22, 37), (23, 37), (24, 35), (25, 84), (26, 72), (27, 73), (28, 5), (29, 90), (30, 64), (31, 24), (32, 24), (33, 2), (34, 2), (35, 2), (36, 76), (37, 41), (38, 41), (39, 21), (40, 94), (41, 36), (42, 80), (43, 97), (44, 68), (45, 99), (46, 1), (47, 1), (48, 75), (49, 72), (50, 59), (51, 74), (52, 76), (53, 51), (54, 92), (55, 7), (56, 56), (57, 86), (58, 96), (59, 65), (60, 66), (61, 66), (62, 87), (63, 87)], '2075.70654869', 1834.5635349750519, 'Infeasible')"
App16,"([(0, 29), (1, 29), (2, 91), (3, 50), (4, 33), (5, 43), (6, 68), (7, 2), (8, 2), (9, 67), (10, 71), (11, 81), (12, 11), (13, 87), (14, 55), (15, 55), (16, 5), (17, 72), (18, 66), (19, 65), (20, 6), (21, 6), (22, 11), (23, 40), (24, 1), (25, 1), (26, 1), (27, 60), (28, 4), (29, 13), (30, 98), (31, 98), (32, 76), (33, 87), (34, 92), (35, 75), (36, 8), (37, 8), (38, 51), (39, 27), (40, 33), (41, 48), (42, 61), (43, 22), (44, 15), (45, 15), (46, 36), (47, 31), (48, 73), (49, 3), (50, 86), (51, 38), (52, 58), (53, 12), (54, 9), (55, 9), (56, 94), (57, 41), (58, 7), (59, 64), (60, 64), (61, 54), (62, 74), (63, 20), (64, 20), (65, 80), (66, 53), (67, 97)], '2060.65425777', 1800.371840953827, 'Infeasible')"
App17,"([(0, 81), (1, 79), (2, 2), (3, 52), (4, 62), (5, 80), (6, 73), (7, 96), (8, 65), (9, 24), (10, 68), (11, 32), (12, 36), (13, 78), (14, 4), (15, 13), (16, 27), (17, 20), (18, 31), (19, 53), (20, 64), (21, 3), (22, 3), (23, 79), (24, 79), (25, 16), (26, 11), (27, 6), (28, 6), (29, 87), (30, 76), (31, 17), (32, 76), (33, 54), (34, 54), (35, 70), (36, 22), (37, 33), (38, 91), (39, 91), (40, 50), (41, 50), (42, 33), (43, 48), (44, 20), (45, 34), (46, 39), (47, 72), (48, 72), (49, 75), (50, 5), (51, 66), (52, 53), (53, 97), (54, 53), (55, 86), (56, 56), (57, 7), (58, 51), (59, 41), (60, 92), (61, 72), (62, 55), (63, 1), (64, 40), (65, 15), (66, 15), (67, 9), (68, 12), (69, 98), (70, 98), (71, 52)], '2059.15192008', 1800.389513015747, 'Infeasible')"
App18,"([(0, 49), (1, 73), (2, 73), (3, 53), (4, 6), (5, 6), (6, 92), (7, 80), (8, 97), (9, 43), (10, 11), (11, 37), (12, 66), (13, 66), (14, 5), (15, 54), (16, 70), (17, 74), (18, 28), (19, 67), (20, 7), (21, 51), (22, 87), (23, 20), (24, 33), (25, 12), (26, 12), (27, 78), (28, 29), (29, 29), (30, 2), (31, 27), (32, 27), (33, 45), (34, 72), (35, 75), (36, 72), (37, 39), (38, 36), (39, 60), (40, 86), (41, 90), (42, 50), (43, 91), (44, 24), (45, 65), (46, 32), (47, 76), (48, 53), (49, 61), (50, 48), (51, 34), (52, 20), (53, 22), (54, 15), (55, 1), (56, 8), (57, 41), (58, 9), (59, 2), (60, 2), (61, 77), (62, 69), (63, 59), (64, 59), (65, 16), (66, 16), (67, 68), (68, 71), (69, 64), (70, 64), (71, 52), (72, 98), (73, 3), (74, 3), (75, 85)], '2088.24200749', 1800.641585111618, 'Infeasible')"
App19,"([(0, 43), (1, 43), (2, 97), (3, 66), (4, 87), (5, 87), (6, 6), (7, 29), (8, 1), (9, 40), (10, 81), (11, 74), (12, 74), (13, 86), (14, 3), (15, 3), (16, 65), (17, 5), (18, 45), (19, 51), (20, 92), (21, 75), (22, 18), (23, 25), (24, 26), (25, 33), (26, 33), (27, 94), (28, 21), (29, 12), (30, 20), (31, 33), (32, 22), (33, 22), (34, 10), (35, 90), (36, 38), (37, 7), (38, 84), (39, 15), (40, 1), (41, 29), (42, 71), (43, 54), (44, 14), (45, 70), (46, 28), (47, 77), (48, 76), (49, 34), (50, 57), (51, 36), (52, 8), (53, 8), (54, 47), (55, 94), (56, 9), (57, 12), (58, 67), (59, 64), (60, 62), (61, 20), (62, 72), (63, 59), (64, 98), (65, 85), (66, 27), (67, 61), (68, 48), (69, 50), (70, 52), (71, 79), (72, 2), (73, 2), (74, 16), (75, 68), (76, 68), (77, 53), (78, 53), (79, 53)], '2094.53584838', 1800.3943309783936, 'Infeasible')"
